Nome,Bairro,Renda,ScoreSerasa,GastoMensal
Allana Aparecida,Ondina,686.02,837,327.88
Sofia Pereira,Costa Azul,2831.04,586,1001.8
Alícia Cirino,Imbuí,1102.68,567,436.39
Ana Vitória Ribeiro,Brotas,3811.06,617,1552.73
Lavínia da Costa,Barra,828.62,897,367.32
Caleb Jesus,Barra,735.11,734,280.89
Paulo Barros,Nazaré,2500.41,573,974.0
Lavínia Macedo,Pernambués,754.36,479,242.76
Eduarda Pires,Brotas,2627.74,475,1045.47
Benício Correia,Canela,1296.31,621,544.11
Enzo Gabriel Lima,Rio Vermelho,2668.0,544,1048.41
Beatriz da Conceição,Piatã,1312.46,675,477.39
Sr. João Guilherme Machado,Rio Vermelho,837.66,725,332.76
André Peixoto,Pernambués,902.31,670,351.2
Dr. Henry Gabriel Alves,Rio Vermelho,931.52,731,460.63
Enzo Gabriel Moreira,Costa Azul,3152.76,504,1226.77
Srta. Kamilly da Cruz,Canela,895.91,625,383.25
Maria Sophia Macedo,Imbuí,4140.92,500,1495.28
Lavínia da Costa,Amaralina,857.67,590,362.16
Dr. Davi Lucas Vieira,Pituba,3048.75,747,1406.95
Alexia Lopes,Ondina,2037.03,726,771.73
Olívia Dias,Cabula,1527.13,519,521.25
Camila Viana,Piatã,1632.2,620,609.23
Srta. Maria Helena Costa,Piatã,811.66,759,319.63
Sr. Daniel Costa,Pernambués,1327.79,590,440.0
Raquel Aparecida,Itapuã,1010.1,662,439.3
Srta. Gabrielly Fonseca,Caminho das Árvores,956.69,699,444.9
Dra. Camila Pinto,Ondina,924.61,656,339.16
João Vitor Marques,Ondina,4646.35,598,2111.65
Beatriz Cunha,Itapuã,1968.94,597,725.34
Evelyn Novais,Barra,2665.76,343,736.76
Melina Caldeira,Federação,4128.01,529,1386.06
Henry Gabriel Souza,Ondina,1653.22,638,745.86
Daniel da Mata,Federação,1920.52,685,899.49
Dr. Luiz Fernando Siqueira,Cabula,918.42,750,406.91
Sr. Juan Silva,Boca do Rio,1381.88,517,443.34
Gustavo Henrique Correia,Barra,755.77,560,286.71
Murilo da Paz,Piatã,1504.71,523,610.25
Francisco Pacheco,Caminho das Árvores,1505.32,518,459.76
Dr. Pedro Miguel Aparecida,Pituba,3885.37,544,1702.79
Ravi Nunes,Centro Histórico,1857.05,614,735.52
Olivia Cavalcanti,Nazaré,1326.74,796,632.21
Ryan Caldeira,Barra,2389.61,587,806.7
Cecilia Dias,Federação,2865.93,543,1163.8
Rebeca da Rocha,Amaralina,711.73,664,318.6
Eduarda Souza,Nazaré,2072.07,468,814.9
Rafaela Pereira,Nazaré,2496.08,620,1022.7
Lavínia Fonseca,Stiep,1072.91,546,359.5
Gabrielly da Cruz,Boca do Rio,1871.01,665,828.37
Bernardo Machado,Caminho das Árvores,1974.11,510,822.23
Isabela Guerra,Ondina,4861.68,818,2315.15
Dr. Daniel Ferreira,Barra,676.03,540,213.38
Maria Laura Câmara,Graça,894.95,339,317.42
Sophie Ribeiro,Ondina,4134.75,423,1288.93
Yan Casa Grande,Stiep,2024.76,369,548.09
Antônio Alves,Nazaré,6340.66,457,2409.61
Igor Cardoso,Itapuã,1801.11,552,762.4
Rafaela Sá,Canela,2230.36,624,777.85
Lara Oliveira,Amaralina,2264.08,790,920.3
Cauã Freitas,Nazaré,3799.27,683,1726.99
Sr. Gabriel Novaes,Pernambués,3488.06,752,1521.13
Danilo da Mata,Caminho das Árvores,2015.26,728,781.71
Natália da Rosa,Rio Vermelho,2762.95,675,1287.94
Rebeca Melo,Centro Histórico,1655.97,708,668.27
Diego Garcia,Itapuã,821.76,551,345.65
Pedro Oliveira,Graça,890.76,574,306.0
Luana Novais,Boca do Rio,777.64,737,304.73
Ravi Lucca das Neves,Canela,1902.66,732,942.97
Leandro Mendes,Rio Vermelho,1717.47,660,765.76
Sr. Davi Miguel da Cruz,Federação,2068.24,619,946.44
Dr. Raul Pires,Piatã,1058.61,481,318.85
Jade Viana,Pernambués,1791.64,577,617.48
Yuri Ribeiro,Imbuí,2962.24,597,1194.89
Mariah Andrade,Itapuã,4194.62,651,1648.78
Théo Gomes,Itapuã,1297.97,629,500.61
Ian Correia,Rio Vermelho,3067.14,568,1132.86
Sr. Pietro Garcia,Amaralina,1587.24,847,661.64
João Gabriel Sá,Piatã,891.05,586,399.74
Laís Marques,Pituba,2431.52,478,735.02
Lorena Dias,Imbuí,832.94,683,368.65
João Pedro Leão,Cabula,954.24,597,326.35
Sra. Laís Aragão,Pituba,1366.08,847,672.87
Otávio Castro,Federação,3175.7,501,1020.25
André Viana,Stiep,1424.61,758,673.14
Dr. Thomas Peixoto,Centro Histórico,1665.15,459,613.35
Eloah da Paz,Pernambués,1103.53,601,432.52
Stephany Monteiro,Pernambués,1654.69,673,694.14
Maria Helena Pimenta,Cabula,1006.17,714,425.31
Valentina Vasconcelos,Piatã,1326.84,633,530.22
Srta. Pietra Carvalho,Boca do Rio,1358.59,533,556.13
Amanda Cassiano,Boca do Rio,1638.49,613,732.88
Gael Pastor,Nazaré,1977.32,607,824.39
Antonella Melo,Cabula,4439.17,798,2232.08
Ravi Lucca Monteiro,Centro Histórico,1445.0,548,592.75
Maria Isis Barbosa,Graça,1323.6,755,545.47
Marcos Vinicius Garcia,Caminho das Árvores,1242.11,376,331.42
João Pedro da Cruz,Amaralina,1243.49,619,423.45
Maria Fernanda Barros,Stiep,4278.03,633,1579.5
Bento Siqueira,Imbuí,2042.77,572,782.55
Vitor Jesus,Centro Histórico,2185.69,533,734.89
Davi da Mata,Stiep,3156.77,581,1106.74
Benício Garcia,Canela,1436.79,837,737.25
Joana da Luz,Costa Azul,1624.88,579,586.95
Caroline Sampaio,Imbuí,3009.0,506,1162.05
Natália da Conceição,Boca do Rio,857.58,581,282.93
Emanuella Costela,Cabula,2637.9,623,1021.02
Valentina da Mota,Boca do Rio,3175.38,206,1071.56
Sr. Bento Machado,Ondina,4278.95,667,2005.0
Rael Vargas,Caminho das Árvores,1079.37,579,440.95
Melissa Monteiro,Itapuã,2408.91,615,1008.07
Gael Henrique Fogaça,Nazaré,912.78,658,421.66
Elisa Pires,Rio Vermelho,629.23,457,233.98
Sr. Henry Gabriel Peixoto,Piatã,1608.78,484,574.29
Natália Cassiano,Imbuí,2598.35,637,1037.15
Igor da Luz,Canela,1111.63,414,333.77
Antônio Fogaça,Costa Azul,3055.05,435,1117.24
Sra. Amanda Fogaça,Itapuã,854.57,701,346.31
Luiz Miguel Pereira,Cabula,1448.83,494,595.54
Rafaela Costa,Nazaré,4567.35,552,1673.46
Henry Carvalho,Federação,3312.54,645,1559.92
Ana Cassiano,Brotas,685.24,663,306.17
Maria Júlia Montenegro,Federação,4379.57,673,1986.33
Alana Almeida,Rio Vermelho,1151.73,359,442.27
Srta. Isadora Rezende,Imbuí,2055.75,592,879.31
Daniela Nunes,Canela,3299.2,592,1267.37
Olivia da Rosa,Piatã,2161.54,601,920.44
Camila Costela,Amaralina,1733.38,549,738.7
Dr. Benício Costa,Canela,3640.4,550,1337.82
Mariah Santos,Itapuã,709.09,517,279.4
Vitória da Mota,Rio Vermelho,1449.19,645,542.68
Esther da Mota,Federação,986.97,658,390.03
Ravy da Luz,Costa Azul,1383.78,692,496.21
Liz Abreu,Barra,2170.94,736,843.59
Maria Julia Gomes,Federação,3123.7,698,1403.29
João Miguel Siqueira,Piatã,4620.42,648,1598.06
André Teixeira,Boca do Rio,408.76,556,151.99
Liam Castro,Federação,1565.56,554,572.34
Sra. Ana Beatriz Porto,Imbuí,1685.12,436,570.35
Dr. Théo Fonseca,Imbuí,9560.5,715,4389.79
Lucas Sampaio,Graça,1178.28,508,357.14
Henrique da Mata,Centro Histórico,2689.74,632,945.28
Maria Cavalcante,Ondina,2664.84,496,960.86
Dr. Paulo Silva,Pituba,1139.58,558,421.05
Lunna da Mota,Pernambués,1077.52,629,452.89
Catarina da Luz,Federação,1149.33,853,528.85
Ian Cavalcanti,Centro Histórico,2163.82,776,857.3
Diogo Guerra,Centro Histórico,2770.21,527,1152.57
Heloisa Mendonça,Amaralina,2439.01,577,997.31
Anthony Gabriel Freitas,Cabula,2511.16,458,832.82
Sr. Henry Gabriel Silveira,Amaralina,3674.63,683,1435.35
Antonella da Rocha,Canela,780.67,476,294.39
Theodoro Costa,Boca do Rio,1491.9,677,638.11
Srta. Milena Aragão,Pituba,3166.98,523,1248.07
Yan Pires,Ondina,2070.87,672,754.21
Valentim Viana,Imbuí,1356.76,768,555.1
Clara Viana,Imbuí,1423.4,608,515.11
Beatriz Caldeira,Canela,380.65,526,144.88
Josué Fonseca,Costa Azul,2929.11,658,1343.76
Sophia Brito,Graça,5577.62,694,2199.94
Luiz Henrique Aparecida,Piatã,1787.97,353,507.25
Maria Luiza da Luz,Cabula,1401.77,467,439.81
Maria Montenegro,Canela,3290.72,551,1320.23
Maria Julia Barbosa,Brotas,2501.12,554,910.63
Julia Câmara,Pituba,3090.29,737,1332.04
Breno Melo,Piatã,2055.56,699,787.56
Sr. Benício Sousa,Cabula,2687.84,562,1016.51
Emilly Souza,Pernambués,3895.46,694,1512.55
Otávio Marques,Piatã,1720.77,558,555.88
Lucas Costa,Canela,2252.08,515,703.95
Pedro Miguel Abreu,Itapuã,1962.21,597,826.81
Dr. Dante Pastor,Stiep,612.79,580,218.81
Sra. Evelyn Ramos,Centro Histórico,1475.68,656,542.8
Luiza Leão,Cabula,1808.38,688,749.29
Luiz Henrique Pimenta,Caminho das Árvores,4045.29,624,1555.99
João Melo,Canela,2481.7,411,853.18
Ana Laura Machado,Itapuã,7988.67,483,2435.08
Otto da Rosa,Nazaré,2161.35,547,691.3
Emanuella Teixeira,Amaralina,3521.4,571,1137.04
Apollo Rios,Costa Azul,1903.09,812,778.49
Sophia Jesus,Imbuí,2523.16,499,1038.36
Valentina Barros,Pituba,653.53,614,275.61
Bernardo Novaes,Amaralina,1885.11,623,678.78
Francisco Rocha,Pituba,4693.2,663,1942.92
Marina Mendonça,Amaralina,705.31,624,240.42
Leonardo Costa,Graça,1630.35,632,584.11
Antony Monteiro,Stiep,2838.38,522,1007.43
Elisa Castro,Itapuã,1481.63,483,572.71
Vitor Hugo Araújo,Amaralina,1620.55,802,651.09
Guilherme Sampaio,Centro Histórico,1594.89,184,490.03
Ísis Sousa,Costa Azul,3035.28,748,1500.53
Dr. Thomas Andrade,Pituba,1088.74,524,473.16
Cauê Mendonça,Pernambués,2166.88,697,1032.42
Allana Pires,Ondina,2575.81,609,1133.23
Theo Sampaio,Costa Azul,586.54,591,207.75
Liz Albuquerque,Rio Vermelho,1271.07,526,495.89
Bárbara da Mata,Cabula,1297.89,602,520.38
Antônio Fonseca,Costa Azul,1023.3,718,416.88
Maria Luiza Freitas,Rio Vermelho,2585.79,588,853.23
João Gabriel Freitas,Centro Histórico,1171.25,750,466.17
Caio Peixoto,Stiep,2058.3,743,946.84
Vitor Gabriel Rodrigues,Rio Vermelho,2202.28,764,1052.82
Clarice da Rocha,Ondina,2783.92,774,1067.7
Ágatha Araújo,Federação,1406.68,706,640.3
Vitória Freitas,Amaralina,389.44,655,160.0
Dr. João Felipe Azevedo,Nazaré,1646.95,736,750.15
Liz Camargo,Imbuí,2712.52,669,1114.2
Melina Nascimento,Centro Histórico,2836.48,682,1258.32
Ravy da Conceição,Costa Azul,5766.58,644,2504.14
Mariane Lima,Federação,1255.74,665,600.5
Srta. Lara Ferreira,Pituba,1031.49,547,383.4
Otto Nascimento,Imbuí,3552.07,781,1659.42
Lucca da Paz,Itapuã,1281.94,685,548.27
Bruno Cavalcante,Nazaré,979.33,625,407.42
Matheus Gomes,Barra,2485.82,701,1010.9
Antony Rezende,Graça,3401.03,575,1492.23
Srta. Sophia Pires,Barra,1843.56,714,739.4
Ana Julia Nunes,Brotas,3256.39,564,1134.64
Paulo Martins,Centro Histórico,2480.42,369,777.84
Alana das Neves,Pituba,811.79,508,343.91
Kaique Martins,Cabula,841.43,558,332.07
Zoe Albuquerque,Costa Azul,1051.99,495,413.88
Bento Moraes,Costa Azul,1166.95,726,436.4
Dom Ribeiro,Caminho das Árvores,7227.32,459,2271.31
Luan Jesus,Federação,3873.88,414,1360.94
Maria Laura Carvalho,Rio Vermelho,768.1,555,293.82
Maya Fogaça,Federação,550.82,339,188.55
Sra. Mirella Ramos,Boca do Rio,2021.83,665,937.51
Ana Clara Silva,Caminho das Árvores,3275.07,590,1230.41
Emanuel Novaes,Canela,3354.44,462,1037.52
Eduardo Araújo,Caminho das Árvores,3508.98,639,1639.85
Sra. Ísis Silva,Nazaré,6259.91,481,2012.07
José Pedro Rezende,Nazaré,858.99,742,429.09
Pedro Lucas da Rosa,Caminho das Árvores,2922.16,653,1140.33
Breno Peixoto,Ondina,2885.31,756,1217.39
Olívia Santos,Stiep,1076.89,775,527.51
Dr. Ravi Lucca Azevedo,Rio Vermelho,3158.89,529,1233.78
Heloísa Aragão,Rio Vermelho,2651.8,472,931.98
Sra. Camila Martins,Ondina,692.28,567,258.93
Amanda Lima,Barra,3229.0,692,1555.01
Camila Cavalcanti,Stiep,2933.25,718,1099.52
Nina da Rocha,Pituba,1984.82,629,855.82
Anna Liz Vasconcelos,Nazaré,3401.3,456,1088.14
Sophie Costa,Ondina,1633.92,360,480.67
Eduardo Melo,Caminho das Árvores,1241.45,626,435.07
Thiago Moreira,Centro Histórico,1396.6,481,548.81
Maria Júlia Aragão,Graça,2060.08,558,717.3
Amanda Brito,Amaralina,1537.16,523,619.61
Dr. Enrico da Costa,Pituba,2255.54,698,829.57
Dr. Mathias Correia,Centro Histórico,1305.87,581,496.59
Dr. Mathias Moreira,Imbuí,2433.54,684,1051.46
Isaac Barbosa,Rio Vermelho,4304.31,770,2182.08
Maria Julia Pacheco,Barra,416.18,459,123.61
Ana Clara Caldeira,Ondina,4121.37,446,1467.99
Sophie Castro,Graça,2864.59,823,1158.76
Dra. Maria Liz Vargas,Caminho das Árvores,2976.04,624,1274.3
Calebe Oliveira,Cabula,2018.1,549,762.54
André Lima,Cabula,984.07,640,438.93
Brenda Leão,Cabula,1038.12,559,460.22
Isis Teixeira,Cabula,5775.69,678,2407.53
Yasmin Fogaça,Caminho das Árvores,2896.41,831,1260.45
Maria Eduarda Siqueira,Caminho das Árvores,2349.22,505,932.69
Sra. Lunna da Mata,Boca do Rio,2519.97,782,1008.4
Sr. Brayan Rios,Amaralina,1012.21,554,356.19
Pedro Miguel da Luz,Brotas,5102.76,777,2394.86
Vitor Correia,Rio Vermelho,2301.44,647,937.13
Gael Farias,Barra,4108.55,396,1305.55
Vicente Carvalho,Federação,2188.71,381,684.62
Sra. Ana Laura da Paz,Ondina,4183.04,689,1624.26
Maria Vitória da Cunha,Costa Azul,1395.71,631,618.64
Dra. Milena Aragão,Costa Azul,1754.14,738,705.05
Guilherme da Costa,Stiep,1104.53,613,480.48
Maria Luísa Aragão,Rio Vermelho,3853.46,548,1537.74
Maria Sophia das Neves,Rio Vermelho,2340.53,715,1004.96
Maria Fernanda Pereira,Centro Histórico,2303.42,526,757.76
Marina Sales,Ondina,4253.7,699,1871.97
Maria Clara Martins,Centro Histórico,1648.8,646,570.24
Hellena Oliveira,Barra,4434.03,736,2036.63
Carolina Albuquerque,Itapuã,4042.91,560,1608.3
Raquel Cavalcante,Cabula,2988.07,562,1147.58
Dr. Dante Melo,Barra,1503.97,555,611.93
Levi Castro,Stiep,2546.27,513,797.31
Josué Azevedo,Centro Histórico,5991.41,500,2188.71
Manuela Casa Grande,Amaralina,890.15,505,281.65
Srta. Juliana Teixeira,Ondina,659.35,642,299.42
Aylla Sampaio,Cabula,972.65,664,339.7
Sra. Alana Correia,Graça,4799.66,631,1864.32
Rebeca Nunes,Caminho das Árvores,2077.71,448,766.12
Helena da Mata,Piatã,3982.91,617,1752.45
Sra. Ayla Caldeira,Canela,2519.67,384,818.64
Dra. Natália Machado,Boca do Rio,1093.8,730,465.85
Apollo Marques,Ondina,1844.51,842,816.36
Benjamim Sousa,Cabula,8895.63,641,3048.63
Vitor Hugo Sales,Piatã,2467.58,663,989.75
Augusto das Neves,Stiep,1449.55,791,586.6
Bento Silva,Centro Histórico,1280.32,535,415.17
Hellena das Neves,Itapuã,4991.16,678,2364.31
Laís Pires,Imbuí,1526.93,296,458.09
Luana Sá,Ondina,979.29,662,378.71
Otto Vasconcelos,Federação,1529.29,561,568.46
Beatriz Ferreira,Canela,3882.46,545,1693.86
Rafaela da Cruz,Piatã,1487.19,540,630.76
Davi Oliveira,Piatã,2216.57,580,878.48
Dra. Aylla Pacheco,Federação,3441.42,685,1359.4
Levi Mendonça,Barra,1294.75,458,497.21
Giovanna Gomes,Caminho das Árvores,826.58,616,308.35
Nathan Silva,Nazaré,1057.82,751,490.0
Eduarda Cassiano,Caminho das Árvores,8753.47,576,3029.36
Leandro Oliveira,Centro Histórico,1080.34,636,461.9
Evelyn Pacheco,Brotas,1240.57,643,494.05
Eduardo Teixeira,Imbuí,2967.78,794,1446.76
Zoe Pereira,Pernambués,4067.62,727,1973.89
Thiago Silveira,Brotas,1394.76,668,589.85
Dra. Agatha Vasconcelos,Imbuí,846.22,567,347.12
Maria Clara Costa,Rio Vermelho,2634.29,361,872.97
Enzo Gabriel da Rocha,Nazaré,3100.06,620,1383.55
Bruna Dias,Caminho das Árvores,7194.97,478,2562.29
Maria Flor Sá,Ondina,1787.65,540,774.37
Sra. Luna Aparecida,Canela,1496.39,392,451.94
Fernanda Rodrigues,Brotas,2397.6,436,977.82
Cauã Lopes,Canela,1916.6,612,840.66
Augusto Pastor,Piatã,5784.72,656,2449.37
Srta. Jade Barros,Costa Azul,1014.24,518,389.63
Levi Ribeiro,Pernambués,4344.87,515,1756.95
Miguel Castro,Brotas,398.73,423,147.99
Heloísa Aparecida,Caminho das Árvores,2546.9,501,915.7
Cecília Andrade,Rio Vermelho,2281.79,440,643.69
Otávio Costa,Piatã,1465.37,608,574.02
Pietra Farias,Amaralina,1174.89,691,458.77
João Vitor Fogaça,Nazaré,692.92,530,231.44
Igor Cavalcante,Piatã,1255.78,446,378.74
Raquel Alves,Pituba,426.88,454,172.86
Diego Aragão,Cabula,2770.55,565,1165.28
Sr. Pedro Montenegro,Imbuí,3037.82,805,1233.68
Sra. Antonella Gonçalves,Pernambués,1213.56,463,402.27
Zoe Jesus,Centro Histórico,1778.7,420,614.8
Dra. Maria Liz Monteiro,Caminho das Árvores,3498.89,501,1128.96
Gabriela Andrade,Pituba,1588.78,570,716.29
Vinicius Garcia,Nazaré,5117.21,615,1736.32
Isadora Macedo,Itapuã,1627.64,552,724.3
Breno Camargo,Nazaré,1457.32,834,748.12
Alícia Pastor,Imbuí,2286.68,543,801.53
Maria Vitória Almeida,Amaralina,1697.5,560,601.93
Srta. Ana Clara Lima,Stiep,495.84,611,217.93
Marcos Vinicius Alves,Caminho das Árvores,3947.94,469,1333.9
Davi Luiz Azevedo,Brotas,1465.25,556,631.69
Sra. Bella Monteiro,Canela,1496.02,694,720.91
Ana Sophia Vieira,Costa Azul,1594.45,726,772.08
Srta. Ana Beatriz Teixeira,Boca do Rio,2364.26,537,845.8
Srta. Ana Júlia Caldeira,Boca do Rio,2603.53,425,738.97
Sr. Carlos Eduardo Rodrigues,Caminho das Árvores,9596.38,615,4016.63
Augusto Pires,Brotas,3029.44,495,1179.06
Ravi Borges,Nazaré,693.74,641,247.3
Gabrielly Souza,Boca do Rio,1504.5,571,661.21
Maria Fernanda Cavalcanti,Stiep,2723.33,526,1075.92
João Pedro da Cunha,Canela,2189.73,523,807.17
Isabella Costela,Pituba,2617.02,753,1198.66
Esther Pacheco,Canela,2608.65,627,1031.07
Letícia Martins,Pernambués,3227.78,643,1469.06
Ravi Lucca Dias,Cabula,772.99,678,320.33
Ravi Garcia,Rio Vermelho,642.1,511,224.02
Gael Vieira,Federação,2048.37,488,655.62
Yan Albuquerque,Brotas,1227.29,441,438.43
Erick Souza,Nazaré,2045.75,690,990.85
Luara Farias,Costa Azul,868.7,758,368.76
Ana Clara Carvalho,Nazaré,2008.06,452,737.86
Vitor Gabriel Alves,Piatã,686.17,536,286.23
Eduarda Dias,Costa Azul,590.99,401,185.16
Rael Cassiano,Pernambués,5906.97,634,2024.38
Dr. Rodrigo Silva,Cabula,1810.4,597,689.15
Srta. Amanda Mendes,Ondina,6284.33,605,2668.48
Allana Rocha,Pituba,5452.11,678,2182.51
Dr. Danilo Cirino,Centro Histórico,2390.79,626,903.86
Arthur Gabriel Mendes,Federação,996.32,456,302.69
Julia Fonseca,Nazaré,4744.82,793,2315.3
Gabrielly da Mata,Brotas,3547.71,662,1455.32
Sophie Farias,Centro Histórico,944.65,575,334.3
Noah Ribeiro,Rio Vermelho,890.44,547,348.7
Cecília Novaes,Graça,4318.38,563,1757.55
Isaac Araújo,Nazaré,3963.66,484,1305.59
Dra. Milena Peixoto,Ondina,1759.56,572,768.09
Luan Fogaça,Barra,2903.32,755,1159.4
Srta. Allana Pimenta,Itapuã,1126.75,644,512.98
Alexia Guerra,Nazaré,1167.05,715,541.29
Thales Ribeiro,Rio Vermelho,1056.28,481,409.47
Francisco Camargo,Barra,3282.71,493,1116.72
Isaac Cunha,Nazaré,917.82,787,377.28
Cecilia Brito,Ondina,2693.44,485,1075.88
Emanuella Vargas,Rio Vermelho,819.91,843,334.82
Ana Júlia Marques,Centro Histórico,1393.8,595,466.78
Daniela Farias,Pituba,3289.47,536,1136.24
Noah Souza,Itapuã,802.62,613,313.01
Marcos Vinicius Farias,Piatã,2636.8,626,1072.36
Vitor Macedo,Nazaré,3719.86,810,1476.39
Zoe Brito,Piatã,1153.37,546,426.53
Eduardo Dias,Itapuã,1055.96,586,468.08
Lunna Mendes,Pituba,2739.08,701,1049.44
Alícia Dias,Pernambués,702.17,730,325.15
Brayan Barros,Centro Histórico,850.58,626,355.88
Julia Barbosa,Stiep,4327.99,495,1405.64
Rhavi Gonçalves,Pituba,3445.56,407,1353.3
Asafe Sampaio,Pernambués,1914.14,469,673.91
Ana Laura Cavalcanti,Pituba,1826.25,712,835.9
Ísis Aragão,Stiep,10780.33,940,4934.61
Maitê Sá,Amaralina,2396.48,613,1001.46
Lorena Carvalho,Barra,1023.94,541,394.82
Luiz Otávio Macedo,Boca do Rio,3149.16,558,1382.11
Bento Cirino,Stiep,6661.76,807,2956.12
Arthur Moreira,Brotas,1572.98,637,733.93
Hadassa Sousa,Centro Histórico,1517.46,742,718.9
Dr. Gustavo Alves,Ondina,2435.64,764,983.93
Sra. Lorena Costela,Barra,793.23,443,279.63
Juan da Luz,Canela,4341.24,576,1776.2
João Miguel Peixoto,Barra,436.34,704,193.26
Luna Carvalho,Cabula,1716.29,504,725.91
Srta. Bianca Guerra,Federação,2173.75,559,948.11
Ryan Leão,Graça,3155.26,674,1468.71
Otto Rocha,Piatã,1316.91,542,420.4
Sr. Luiz Otávio Nunes,Cabula,3022.87,728,1209.09
Emanuel Aragão,Barra,1860.62,668,671.46
Nathan Moraes,Pernambués,1016.96,355,290.97
Bruno da Cunha,Imbuí,1654.36,688,714.48
Isabella Barros,Caminho das Árvores,1257.79,804,501.39
José Pedro Costa,Caminho das Árvores,1261.84,441,483.41
Yasmin Rodrigues,Cabula,1368.51,578,498.83
Caio Campos,Caminho das Árvores,2292.76,618,1009.14
Leandro da Mata,Piatã,1067.21,258,358.32
Yuri Ramos,Amaralina,3951.71,653,1471.07
Otávio Viana,Costa Azul,1610.95,837,820.25
Milena Cardoso,Cabula,868.79,653,339.77
Maitê Nogueira,Cabula,1869.09,610,854.35
Ian Silveira,Pernambués,1096.97,662,441.57
Hellena da Costa,Caminho das Árvores,1150.07,876,516.51
Maria Julia Vasconcelos,Rio Vermelho,3858.75,583,1376.59
Dom Ramos,Pituba,2436.97,1000,1200.24
Manuela Monteiro,Imbuí,4410.59,570,1564.5
Ravi Mendonça,Barra,1046.05,587,365.36
Maria Flor da Luz,Nazaré,3399.59,491,1315.4
José Miguel Caldeira,Rio Vermelho,2208.76,692,1057.32
Maria Julia Montenegro,Nazaré,2752.18,958,1455.29
Yasmin da Mata,Graça,912.15,538,324.36
Eloá Marques,Piatã,641.89,638,252.64
Anthony Alves,Amaralina,1035.74,513,317.01
Vinícius Leão,Ondina,2003.37,530,774.51
Agatha Montenegro,Barra,2429.42,645,847.8
Sr. Enzo Gabriel da Mota,Rio Vermelho,1727.13,590,611.11
Nathan Rios,Nazaré,1140.21,569,471.97
Agatha Carvalho,Rio Vermelho,1819.13,694,821.69
Sr. Heitor Dias,Federação,1125.41,759,500.49
Gabriela Brito,Cabula,1887.94,776,958.08
Dra. Laís Viana,Canela,1007.58,466,381.35
Maria Vitória da Cruz,Imbuí,628.76,660,293.56
José Miguel Pires,Centro Histórico,1738.05,798,818.36
Heitor Marques,Federação,952.0,642,334.75
Emanuel Azevedo,Pituba,2976.7,703,1262.14
Maria Julia da Conceição,Federação,2066.19,751,815.27
Diogo Cunha,Stiep,3906.9,778,1896.33
Isadora Silveira,Brotas,3070.1,511,1148.94
Eloah Leão,Canela,1062.03,479,338.54
Sr. Augusto Silva,Nazaré,1794.72,527,634.64
Srta. Alícia Fernandes,Centro Histórico,7271.4,357,2506.36
Ana Lívia Nunes,Federação,3586.56,521,1115.11
Caroline Albuquerque,Barra,898.62,552,335.5
Dra. Maria Vitória Pinto,Nazaré,3804.33,613,1614.29
Luara Fogaça,Itapuã,2156.44,742,969.52
Maria Cecília Pimenta,Graça,1401.55,640,546.86
Luiz Gustavo da Cunha,Graça,747.57,671,336.61
Rhavi Pacheco,Costa Azul,2199.73,679,898.62
Matteo Pacheco,Cabula,3470.13,670,1298.37
Bianca Sousa,Federação,907.89,488,375.22
Sra. Hadassa Carvalho,Canela,7342.94,524,2933.29
Léo Porto,Imbuí,2984.49,495,960.86
Júlia Abreu,Pernambués,3063.92,641,1098.9
Nicole Cavalcante,Caminho das Árvores,2486.5,606,1054.88
Benjamin Rocha,Pituba,2505.01,612,992.29
Sr. Paulo Costela,Imbuí,3935.34,340,1468.97
João Guilherme da Cunha,Canela,3036.66,743,1294.33
Antonella Moura,Barra,521.69,573,205.88
Luiz Gustavo Marques,Graça,5555.61,674,2406.25
Esther Moura,Rio Vermelho,903.26,267,313.01
Cauê Nunes,Brotas,4945.29,734,2318.5
Enrico Moreira,Piatã,1990.57,735,950.7
Diego Campos,Itapuã,3361.68,632,1158.42
Theo Porto,Pituba,1861.23,570,647.92
Maria Luiza Rocha,Rio Vermelho,1249.08,544,410.19
Kaique Vargas,Itapuã,1423.46,822,732.14
Dra. Lorena Pereira,Centro Histórico,2593.42,628,1140.5
Bruna Leão,Amaralina,1226.42,575,537.69
Bernardo Duarte,Pernambués,1093.71,605,494.48
Ian Gonçalves,Centro Histórico,4628.1,581,1691.73
Gabriela Cirino,Rio Vermelho,3533.98,630,1201.21
Valentina Rezende,Nazaré,835.21,788,356.12
Sr. Antônio Andrade,Nazaré,1561.12,469,551.65
Davi Luiz Lima,Rio Vermelho,3006.73,433,1054.5
Isabel da Rosa,Stiep,775.48,555,320.78
Srta. Manuella Campos,Graça,3185.05,424,1176.78
Ana Lívia Aparecida,Barra,1057.99,643,368.81
Evelyn da Paz,Stiep,1730.27,418,543.98
Dr. Bruno Sousa,Itapuã,3887.82,814,1803.22
Dra. Helena Casa Grande,Cabula,1129.83,389,310.75
Dr. Breno Aparecida,Cabula,2827.44,770,1420.36
Dr. Juan Moreira,Canela,1245.41,420,471.6
Luiza Costela,Pernambués,2559.46,624,1174.93
Agatha Costa,Pituba,1967.1,589,710.05
José das Neves,Pituba,949.11,552,348.25
Benício Farias,Brotas,3388.74,695,1218.01
Hadassa Garcia,Barra,2740.97,467,828.79
Srta. Maria Sophia Nogueira,Federação,2841.25,713,1111.65
Juliana Novais,Graça,834.49,487,313.95
Matheus Freitas,Nazaré,3289.84,371,1116.48
Kevin Campos,Pituba,2195.12,491,715.79
Ian da Paz,Nazaré,850.43,683,371.94
Ana Júlia Campos,Amaralina,1332.93,566,478.7
Gustavo Nunes,Pituba,6032.48,770,2743.76
Marcela Alves,Canela,4803.18,485,1844.37
Melina Pires,Graça,2327.57,736,1052.19
Thales Casa Grande,Costa Azul,1808.15,716,837.91
Srta. Cecilia Macedo,Cabula,1273.36,510,473.7
Vitor Gabriel Araújo,Centro Histórico,3880.29,511,1384.89
Theodoro Andrade,Ondina,1832.45,516,775.85
Maria Vitória Barbosa,Federação,4264.61,715,1729.37
Laís Nascimento,Barra,2571.2,650,924.94
Hellena da Rosa,Barra,3129.36,957,1657.13
Alexandre Fogaça,Imbuí,3649.34,532,1529.64
Ana Sophia Camargo,Amaralina,2193.17,531,732.49
Dante Viana,Nazaré,2569.78,650,917.34
Breno Nogueira,Piatã,2388.25,616,879.19
Ana Laura Cardoso,Imbuí,1510.17,461,479.2
Laís Nunes,Ondina,2757.29,499,940.18
Lavínia Sá,Federação,1463.98,601,643.93
Jade Macedo,Amaralina,3961.34,875,1781.56
Stella Rios,Caminho das Árvores,2204.4,619,876.37
Srta. Heloísa Ramos,Canela,5525.42,553,1888.34
Daniela Cavalcanti,Piatã,5047.03,491,1752.01
Enrico Siqueira,Nazaré,1954.46,467,718.19
Valentina Pereira,Amaralina,5644.05,712,2617.49
Pietro Correia,Imbuí,4651.56,519,1832.75
Ana Lívia Silva,Nazaré,1268.66,519,405.97
Dr. Mathias Almeida,Amaralina,1616.96,846,790.35
Dra. Raquel da Conceição,Graça,1892.3,573,679.04
Alexandre Azevedo,Boca do Rio,1722.67,727,793.3
Luiz Henrique Guerra,Caminho das Árvores,1147.41,727,549.25
Raquel Almeida,Canela,4250.28,705,1791.05
Rodrigo Ferreira,Costa Azul,2048.69,562,839.84
Marcos Vinicius Fonseca,Brotas,740.1,469,271.38
Mateus Gonçalves,Boca do Rio,1584.98,758,777.85
Dr. Yuri Pacheco,Federação,1759.52,683,729.67
Luana Almeida,Cabula,1007.37,535,337.45
Dr. Raul Rocha,Pituba,2215.4,748,979.3
Gabriela Moreira,Costa Azul,337.87,345,110.18
Marcelo Moura,Rio Vermelho,1494.36,582,603.6
Maria Eduarda Montenegro,Piatã,1616.85,736,746.4
Srta. Sophia Freitas,Costa Azul,3215.33,485,1088.84
Emilly Nunes,Piatã,1968.05,652,735.5
Esther da Cruz,Piatã,3791.86,751,1817.44
Mariana Costela,Pituba,3452.52,550,1230.72
Srta. Ana Carolina Almeida,Rio Vermelho,1734.66,659,673.31
Eduardo Ramos,Boca do Rio,2638.61,627,989.82
Sr. Theodoro Cunha,Canela,880.14,704,402.46
Thales Mendonça,Centro Histórico,1467.57,642,674.35
Laís Sá,Canela,2348.04,643,1068.66
Olivia da Costa,Costa Azul,1106.96,693,441.21
Giovanna Martins,Graça,1927.39,482,578.14
Bryan Peixoto,Brotas,2040.4,637,736.66
Augusto Pimenta,Centro Histórico,7053.01,649,3306.91
Otávio Cavalcanti,Imbuí,2591.22,501,870.45
Carolina Melo,Imbuí,1697.12,617,597.45
Sra. Rebeca Carvalho,Cabula,994.44,339,304.0
Felipe Duarte,Nazaré,1858.21,439,556.17
Ravy Ribeiro,Rio Vermelho,3995.64,752,1536.08
Sra. Bianca Cavalcante,Barra,1571.89,475,623.77
Luiz Fernando Monteiro,Imbuí,1225.18,483,462.26
Maria Fernanda Pinto,Cabula,2152.61,513,879.71
Renan Nunes,Itapuã,2080.89,622,908.72
Luan Viana,Cabula,4458.6,320,1477.14
Vinicius Fernandes,Rio Vermelho,883.05,666,410.37
Maria Cecília Farias,Imbuí,1194.37,357,367.86
Thales Almeida,Centro Histórico,2068.07,682,1001.32
Lucca da Cruz,Piatã,2559.1,473,932.22
Nathan Aragão,Boca do Rio,644.49,566,236.23
Ana Cecília Pimenta,Nazaré,5995.58,614,2568.31
Dra. Hadassa Brito,Caminho das Árvores,289.01,723,109.16
João Miguel Sales,Imbuí,2462.6,533,767.37
João Pedro Abreu,Cabula,1349.46,577,518.35
Sr. Bento Ribeiro,Pernambués,2112.28,701,934.75
Ana Clara Borges,Brotas,1055.73,568,345.92
Bryan Cardoso,Costa Azul,1484.97,539,478.86
Pietro Jesus,Canela,2372.78,362,710.65
João Guilherme da Paz,Imbuí,1613.1,664,750.01
Valentim Guerra,Barra,1738.42,442,637.24
Luiza Pires,Costa Azul,569.88,975,252.21
Natália Fernandes,Itapuã,2405.24,626,1018.71
Nina Nascimento,Barra,956.23,644,398.28
Maria Laura da Rosa,Ondina,1275.97,510,449.54
Jade Leão,Graça,1287.01,521,417.43
Alice Oliveira,Graça,1186.18,309,414.09
Dr. Rhavi da Mata,Amaralina,764.39,553,293.21
Sr. Noah da Cunha,Amaralina,1065.8,655,457.45
Alana Caldeira,Federação,1730.24,481,610.28
Ana Luiza da Mota,Centro Histórico,556.83,542,198.85
Cecilia Moraes,Ondina,1389.54,543,559.9
Laura Almeida,Imbuí,859.63,589,317.38
Lorena Mendonça,Federação,917.2,466,286.9
Rael Sá,Caminho das Árvores,1907.17,603,660.65
Théo Aparecida,Costa Azul,1198.15,479,380.27
Enzo Fogaça,Pernambués,734.37,470,287.23
Breno Machado,Nazaré,1293.08,646,582.57
Arthur Gabriel Cavalcanti,Federação,2994.89,381,1028.55
Pedro Henrique Cavalcante,Amaralina,1508.51,507,496.77
Ana Júlia Fogaça,Federação,2049.99,402,664.99
João Guilherme da Costa,Barra,9168.01,545,3580.25
Matteo Pereira,Rio Vermelho,1111.24,792,575.03
Lavínia da Rosa,Centro Histórico,1340.03,515,411.78
Dr. Davi Vieira,Pituba,2059.71,615,883.28
Maria Fernanda Cassiano,Pernambués,2415.12,423,695.36
Heloisa Cardoso,Cabula,2485.14,715,968.8
João Felipe Macedo,Imbuí,1588.48,682,575.75
Julia Barbosa,Costa Azul,2120.19,628,931.69
Arthur Gabriel Leão,Barra,3096.2,740,1508.04
Raul Brito,Graça,1488.23,736,732.64
Sr. Lorenzo Ferreira,Graça,1611.3,454,472.01
Luísa Montenegro,Pituba,1393.37,654,493.41
Ravy Sales,Ondina,1037.53,632,403.37
Alícia Guerra,Boca do Rio,3201.3,724,1382.51
Ana Sophia Dias,Pernambués,1033.31,526,421.68
Ana Liz Mendonça,Ondina,1735.63,756,841.0
Ana Laura Moreira,Brotas,1863.99,533,651.39
Asafe Azevedo,Graça,5660.24,602,2556.25
João Pedro Pires,Amaralina,2098.57,640,894.54
Sra. Rafaela Gonçalves,Rio Vermelho,3430.59,800,1752.9
Isaque Correia,Centro Histórico,1135.71,519,444.42
Dr. Mateus Nascimento,Itapuã,832.79,638,362.69
Clarice da Rosa,Pernambués,1671.08,653,594.86
Daniel Borges,Boca do Rio,2268.32,645,957.28
Dra. Lunna Ramos,Cabula,1110.44,603,434.07
Davi Lucca da Mata,Amaralina,2792.05,746,1086.14
Isabela Marques,Piatã,657.44,663,297.93
Marcela Souza,Brotas,1861.15,683,792.23
Sr. Kaique Moura,Cabula,1275.86,711,577.53
Melina Machado,Centro Histórico,5266.95,488,1895.24
Liam Sousa,Pituba,1182.95,719,462.09
Maria Eduarda Nascimento,Canela,1574.1,552,665.83
Marina Aragão,Pernambués,1243.09,541,525.4
Bento Araújo,Piatã,3237.64,524,1024.79
Sofia da Rosa,Ondina,210.88,751,83.87
Caroline da Mata,Boca do Rio,2341.51,626,922.38
Dra. Ana Vitória Guerra,Stiep,2133.7,816,1040.93
Vinícius Ferreira,Amaralina,6124.95,546,2321.55
Cecilia Farias,Amaralina,2476.79,678,991.67
Luiz Gustavo Correia,Piatã,808.63,406,239.29
Gael Novaes,Caminho das Árvores,750.91,444,228.65
Maria Júlia Fonseca,Cabula,1434.08,599,578.66
Leonardo Rios,Centro Histórico,1343.92,739,645.69
Dra. Lara Nogueira,Ondina,775.48,725,380.86
Isis Aparecida,Imbuí,2443.4,573,998.4
Rodrigo Andrade,Brotas,2976.7,631,1272.59
Dra. Maria Helena Freitas,Amaralina,695.05,564,283.09
Breno Nunes,Centro Histórico,1408.75,576,584.79
Anthony Cirino,Canela,4515.38,441,1516.1
Carolina Jesus,Barra,1564.09,582,681.93
Bella Aparecida,Centro Histórico,1772.98,779,905.63
Ravi Lucca Moura,Brotas,1241.59,813,611.18
Theodoro da Paz,Nazaré,3101.57,599,1370.62
Dra. Maria Júlia Caldeira,Barra,1855.92,634,826.68
Danilo Gonçalves,Graça,1274.49,561,568.63
Diogo Fernandes,Boca do Rio,1829.46,540,693.99
Sra. Bruna Montenegro,Pernambués,2416.37,600,918.53
Juan Andrade,Centro Histórico,4307.02,491,1817.63
Luara Fogaça,Federação,1730.34,740,774.01
Ryan da Costa,Graça,1376.71,560,560.56
Luiz Fernando das Neves,Federação,1787.19,491,659.9
Sra. Maria Liz Barbosa,Brotas,1998.04,591,764.7
Fernanda Araújo,Barra,762.84,568,249.51
Arthur Gabriel Silva,Amaralina,1542.8,603,544.17
Heloísa Siqueira,Brotas,1735.01,539,655.26
Srta. Lara Lima,Pituba,744.18,436,254.91
Srta. Luiza Machado,Piatã,2546.31,531,927.46
Pedro Miguel Cassiano,Pituba,1440.72,683,687.83
Sara Siqueira,Centro Histórico,978.69,538,306.51
Enrico Lopes,Boca do Rio,1394.06,709,535.4
Lucas Novais,Itapuã,807.84,728,383.96
Maria da Cruz,Nazaré,1911.11,688,915.61
Francisco Porto,Cabula,5492.56,780,2488.47
Eloah Aragão,Ondina,6256.96,778,3110.02
Apollo Rodrigues,Graça,1763.13,445,558.84
Lucca da Luz,Nazaré,1593.2,632,598.54
Sofia Ferreira,Rio Vermelho,3603.97,397,1168.84
Isaac Rodrigues,Rio Vermelho,2617.94,637,897.24
Henrique Porto,Centro Histórico,2169.48,621,846.78
Ana Sophia Pereira,Pituba,1532.31,678,669.23
Caio da Luz,Canela,829.88,467,241.45
Dra. Bella Monteiro,Cabula,1804.06,591,737.13
Luiz Felipe Rocha,Centro Histórico,3075.28,532,1106.2
Alícia Guerra,Canela,1520.9,579,666.35
Helena da Conceição,Centro Histórico,804.73,622,355.06
Srta. Nicole Campos,Rio Vermelho,1518.82,894,647.63
Sarah Garcia,Itapuã,1248.04,522,486.86
Maria Fernanda Aragão,Piatã,709.13,527,285.53
Srta. Letícia da Rocha,Stiep,1032.05,602,430.13
Ana Clara Silveira,Boca do Rio,3095.98,720,1473.03
Sr. Yan Cassiano,Itapuã,1709.87,548,600.65
Gustavo Peixoto,Pernambués,3626.25,589,1403.24
Maria Fernanda das Neves,Itapuã,4108.09,493,1753.72
Ana Liz Casa Grande,Piatã,1113.0,641,408.11
Zoe Souza,Piatã,3254.28,661,1457.36
Evelyn Martins,Stiep,5515.56,648,1963.7
Mariah Aragão,Graça,2378.03,691,917.35
Cauã Montenegro,Caminho das Árvores,2224.15,702,1026.73
Dante da Luz,Piatã,4009.02,606,1490.36
Heitor Jesus,Ondina,792.98,440,259.46
Maria Liz Souza,Imbuí,879.16,567,382.17
Marcela Nascimento,Ondina,4098.19,327,1117.34
Henrique Cardoso,Barra,1780.13,686,813.74
Lucca Porto,Graça,1126.33,654,520.33
Srta. Olivia Melo,Ondina,1780.55,589,749.19
Sara Barbosa,Boca do Rio,1037.8,697,467.38
Lorena Ramos,Pituba,783.93,803,389.67
Mariane Ribeiro,Pernambués,1257.58,698,495.95
Srta. Mirella Costa,Cabula,2325.9,665,966.78
Dante da Conceição,Pernambués,3013.81,576,1209.57
Lara Pastor,Federação,3149.32,871,1579.69
Rebeca Freitas,Cabula,1529.76,580,652.09
Antônio Correia,Pernambués,1142.96,599,394.56
Augusto Aparecida,Rio Vermelho,1438.81,607,509.07
Bernardo Rios,Canela,663.3,655,255.31
Srta. Valentina Casa Grande,Itapuã,599.02,690,216.19
Emanuelly da Conceição,Federação,9678.9,636,3480.14
Dom da Paz,Centro Histórico,1244.38,684,471.18
Isaac Monteiro,Brotas,629.63,555,258.41
Vicente Brito,Graça,3879.68,513,1277.5
Srta. Ana Carolina Guerra,Amaralina,2906.07,475,1217.13
Nicole Castro,Costa Azul,1507.44,422,552.9
Srta. Kamilly Santos,Stiep,2938.39,523,1036.81
Lorena Lopes,Boca do Rio,7606.36,612,2688.9
Ana Laura Fonseca,Costa Azul,3140.7,622,1226.5
Stephany Mendes,Stiep,443.46,628,201.36
Yasmin Correia,Ondina,7790.7,648,3549.79
Benjamin Novais,Canela,2182.06,478,726.62
Dr. Yan Aparecida,Rio Vermelho,1100.94,557,422.22
Jade Vieira,Caminho das Árvores,3003.34,587,1330.08
Julia Cunha,Imbuí,2296.58,616,1063.21
Yasmin Ribeiro,Rio Vermelho,2606.55,725,1253.52
Leonardo Vieira,Amaralina,437.48,466,172.05
Mirella Nunes,Rio Vermelho,2130.45,583,702.84
Rafael Martins,Amaralina,886.02,587,319.68
Nicole da Rocha,Imbuí,1546.55,498,607.77
Mariane Caldeira,Costa Azul,1721.64,885,910.21
Antonella Aparecida,Brotas,637.69,373,231.65
Sr. Matteo Siqueira,Nazaré,1750.08,610,717.32
Henry Gabriel Cunha,Caminho das Árvores,2355.75,677,892.78
Davi Lucas Pires,Brotas,1059.56,554,422.05
Noah Araújo,Piatã,947.77,561,414.13
Ayla Costa,Graça,2333.24,522,834.02
Pietra Cavalcanti,Stiep,1214.48,452,419.79
Heloisa Lima,Centro Histórico,2374.82,651,1055.87
Samuel Barros,Pernambués,1019.68,566,425.87
Heloísa Novais,Itapuã,6558.74,558,2333.22
Vicente Farias,Pituba,523.97,514,190.06
Brayan Aragão,Costa Azul,1315.55,485,552.63
Cecilia Vasconcelos,Costa Azul,1420.73,608,505.7
Luiz Otávio Pastor,Nazaré,1928.05,514,620.72
Augusto Gonçalves,Canela,1604.84,813,731.23
Ana Luiza Cavalcanti,Canela,2888.83,505,1204.62
Rafaela Fernandes,Stiep,637.92,588,223.34
Antônio Correia,Federação,3392.68,398,1032.11
Ísis Camargo,Amaralina,1182.22,855,580.02
Matheus da Rocha,Canela,495.37,723,184.88
Sr. Cauê da Mata,Centro Histórico,1333.21,576,527.57
Maria Vitória Casa Grande,Centro Histórico,553.04,631,217.93
Ana Carolina Pereira,Costa Azul,4316.8,658,1835.24
Eloah Mendes,Federação,2027.86,215,649.85
Marina da Costa,Federação,961.0,700,381.11
Kaique Siqueira,Ondina,1246.86,764,582.7
Alana Carvalho,Pituba,1398.08,630,604.41
Dr. Rael Costa,Costa Azul,2630.56,568,845.47
João Pedro Ramos,Barra,5471.97,574,1816.39
Julia Viana,Cabula,3518.23,479,1076.28
Lunna Barbosa,Centro Histórico,1080.19,512,358.2
Liz Lopes,Cabula,1794.54,626,804.34
Ravy da Mata,Nazaré,1560.01,520,546.28
Dra. Ana Gomes,Caminho das Árvores,1616.74,552,559.3
Isabel Nascimento,Amaralina,1653.6,522,620.64
Henrique Vieira,Rio Vermelho,2085.25,654,986.07
Olívia Pinto,Itapuã,1076.5,487,337.64
Pedro Novais,Centro Histórico,2152.19,510,841.76
Paulo Castro,Ondina,1639.45,661,653.24
Ana Beatriz Sales,Imbuí,1455.68,662,516.16
Pedro Miguel Ramos,Brotas,1460.11,752,574.85
Dr. Pedro Lucas Cavalcanti,Boca do Rio,2308.88,600,841.09
Davi Luiz Castro,Nazaré,1839.03,613,736.4
Marina Ribeiro,Pituba,2769.83,526,887.54
Yasmin Lima,Stiep,3846.86,612,1474.78
André Pinto,Ondina,3070.57,301,958.04
Rafaela Leão,Ondina,3479.67,600,1581.48
Leonardo Costela,Graça,1351.23,439,477.8
Dra. Melina Barros,Imbuí,2219.71,689,874.65
Stella da Rocha,Rio Vermelho,1245.57,442,417.66
Oliver Fonseca,Rio Vermelho,1313.74,773,641.55
Melissa Camargo,Rio Vermelho,1161.94,687,436.11
Caroline Pereira,Imbuí,2829.54,625,1150.57
Lunna Lima,Brotas,4055.39,777,2050.78
João Gabriel Silva,Rio Vermelho,1751.03,844,757.1
Sara da Luz,Pernambués,1707.36,782,659.46
Sofia Vasconcelos,Centro Histórico,956.81,515,337.9
Isis Viana,Ondina,3861.8,771,1508.55
Antony Gonçalves,Boca do Rio,2865.53,678,1259.11
Léo Ramos,Imbuí,1131.63,838,521.95
Lavínia Duarte,Pituba,1304.55,610,489.27
Luiz Felipe Sousa,Barra,1909.58,605,876.6
Dr. Apollo Novais,Rio Vermelho,962.73,687,412.92
Aylla Marques,Pituba,702.61,675,320.08
Ana Carolina Fogaça,Graça,653.63,467,271.08
Maria Liz Macedo,Rio Vermelho,2197.79,464,760.37
Sra. Pietra Mendonça,Costa Azul,901.83,594,342.42
Sra. Isabella Lima,Amaralina,2925.75,414,910.46
Ana Sophia Guerra,Piatã,6832.93,738,2936.48
Enrico Ferreira,Caminho das Árvores,700.9,587,266.35
Yago Campos,Cabula,2030.55,666,899.09
Heitor Cardoso,Graça,2534.3,675,1175.32
Dante Borges,Ondina,1955.74,495,785.85
Henry Gabriel Fogaça,Stiep,1261.25,559,516.14
Olivia Lopes,Brotas,937.46,358,293.44
Sr. Henry Gabriel Sales,Rio Vermelho,4307.46,549,1494.77
Eloá Ferreira,Federação,2666.12,513,1022.4
Sr. Diogo Cavalcante,Ondina,390.79,722,164.7
Allana Araújo,Caminho das Árvores,1335.39,641,485.83
Maria Liz Aparecida,Costa Azul,1124.53,613,421.02
Lucas da Costa,Caminho das Árvores,1636.99,619,731.49
Ester Pacheco,Canela,1149.75,489,430.81
Dr. Eduardo Porto,Ondina,1879.19,611,790.24
Maitê Pires,Centro Histórico,578.43,495,240.0
Ana Vitória Alves,Graça,1174.32,743,538.19
José Pedro Barbosa,Rio Vermelho,1000.63,530,374.81
Maysa Cavalcanti,Federação,8651.52,590,3618.01
Ana Julia Campos,Centro Histórico,1941.07,508,660.31
Dr. Leandro Martins,Pernambués,1740.18,542,595.63
Davi Luiz Vasconcelos,Pernambués,3424.02,778,1371.16
Lavínia Freitas,Ondina,1300.51,481,423.86
Carolina Lopes,Brotas,1650.6,569,554.21
Maria Luiza Câmara,Caminho das Árvores,696.49,515,215.8
Dom Fonseca,Rio Vermelho,772.6,463,254.14
Heloisa Brito,Boca do Rio,2330.76,871,1096.11
Enrico Gonçalves,Nazaré,1607.03,464,551.8
Kevin Rocha,Rio Vermelho,4128.62,661,1640.95
Anthony Castro,Boca do Rio,1844.54,396,622.97
Dr. Miguel Sá,Piatã,2742.26,584,943.85
Felipe Pires,Brotas,765.39,643,281.49
João Guilherme Nunes,Ondina,1684.29,616,634.76
Nina Viana,Rio Vermelho,2078.18,450,853.55
Eduarda Cavalcante,Ondina,3087.22,512,1258.53
Dra. Lívia Machado,Brotas,1494.73,421,498.8
Alice da Luz,Brotas,610.14,621,238.42
Arthur Nunes,Pernambués,6441.2,562,2632.67
Giovanna Pinto,Piatã,2251.04,779,943.79
Ana Cecília Ramos,Costa Azul,1017.78,715,425.08
Bernardo Cassiano,Itapuã,3840.82,587,1534.13
Bruna Moraes,Piatã,485.15,820,228.15
Samuel da Cunha,Stiep,1359.15,616,542.95
João Gabriel Mendes,Cabula,5292.45,644,1976.85
Diogo Brito,Imbuí,3405.52,638,1317.39
Gael Henrique Ramos,Rio Vermelho,1616.09,713,699.22
Cauê Lopes,Ondina,1961.77,603,874.88
João Felipe da Mota,Nazaré,3116.53,722,1210.94
Alice Marques,Rio Vermelho,1628.1,554,543.82
Stella Vieira,Pituba,1303.17,825,684.28
Helena Nogueira,Boca do Rio,5759.73,658,2365.41
Eloah Rocha,Cabula,1169.57,746,556.64
Ryan da Conceição,Graça,1681.68,834,744.15
Bruna Abreu,Stiep,3689.86,743,1386.23
Hadassa Cirino,Centro Histórico,1588.03,408,457.75
Isabelly da Cruz,Pituba,850.52,418,310.29
Vinicius Almeida,Piatã,3194.55,515,1125.6
Dra. Bella Barbosa,Pernambués,1275.71,489,413.82
Sr. Lucca Nunes,Brotas,1912.23,659,671.56
Ana da Mata,Amaralina,4282.21,621,1722.78
Hadassa Rodrigues,Pituba,434.6,645,200.62
Pietra Montenegro,Pituba,2588.77,646,1037.42
Maria Julia da Mata,Barra,874.17,762,418.06
Sr. Rafael Cunha,Canela,3240.23,656,1270.0
Joana Martins,Piatã,771.64,607,303.67
Lorena Pastor,Piatã,739.29,626,317.36
Bárbara Pastor,Brotas,5557.2,618,1953.92
Isadora Pereira,Piatã,1003.17,556,407.22
Sra. Bianca Barros,Imbuí,1289.52,813,634.69
Clara Pires,Boca do Rio,1095.28,506,364.34
Oliver Sá,Caminho das Árvores,3357.5,656,1384.02
José Miguel Machado,Pituba,563.13,739,230.06
Aylla Aragão,Graça,3439.98,832,1527.99
José Pedro Mendonça,Pituba,1030.47,693,388.88
Ayla Borges,Stiep,916.59,640,417.71
Davi Miguel Brito,Centro Histórico,1107.46,493,351.06
Samuel Caldeira,Amaralina,1047.72,590,473.24
Stephany Mendonça,Rio Vermelho,3078.14,720,1145.09
Ana Sophia Cunha,Graça,2356.68,611,1082.86
Esther Pires,Itapuã,2231.97,584,736.89
Dra. Julia Lopes,Pernambués,2202.57,721,819.88
Stephany Azevedo,Ondina,975.73,656,352.74
Maria Júlia da Paz,Rio Vermelho,1494.2,401,548.14
Ester Rezende,Amaralina,2393.34,586,914.76
Pietra Siqueira,Caminho das Árvores,1882.65,716,861.84
Caleb Gomes,Stiep,3209.91,821,1599.89
Srta. Ana Cecília Pires,Amaralina,2095.64,611,893.67
Sr. Fernando Albuquerque,Graça,977.98,549,336.35
Manuela Castro,Pituba,1668.34,740,811.29
Sra. Melina Sousa,Amaralina,2105.7,638,983.3
Arthur Gabriel Leão,Graça,1244.52,610,472.45
Srta. Melissa Sampaio,Nazaré,3824.9,495,1423.88
Davi Oliveira,Costa Azul,3105.93,746,1522.77
Arthur Sá,Pituba,1236.89,456,362.09
Ana Luiza Leão,Brotas,3439.75,571,1224.33
Maria Cecília Barros,Amaralina,2319.68,570,813.21
Rodrigo Gomes,Imbuí,1952.42,779,895.73
Bianca Câmara,Barra,2923.99,637,1096.37
Davi Luiz Câmara,Costa Azul,933.48,636,363.13
Isadora Moraes,Graça,693.98,572,264.46
Brenda Rezende,Costa Azul,3847.68,582,1538.83
Cecilia Monteiro,Boca do Rio,1648.03,347,616.77
Nicole da Paz,Federação,2059.96,517,817.92
Thiago Vargas,Canela,5792.53,519,1937.51
Davi Lucca Costa,Graça,522.48,514,200.82
Daniela Carvalho,Caminho das Árvores,537.2,583,178.41
Gael Costa,Imbuí,627.11,738,297.26
Gael Henrique Rezende,Brotas,945.26,700,352.75
Ana Luiza Ramos,Rio Vermelho,1837.47,634,820.18
Gustavo Henrique Pacheco,Centro Histórico,1502.04,747,738.57
Yasmin Jesus,Boca do Rio,2917.43,571,1168.6
Helena Fonseca,Piatã,2432.48,514,794.52
Heloisa Souza,Amaralina,3818.75,703,1423.51
Sr. Ravi Lucca Silva,Ondina,1754.82,520,747.72
Augusto das Neves,Cabula,1245.02,837,591.49
Maria Vitória Sousa,Costa Azul,713.29,504,282.67
Sra. Mariane Campos,Imbuí,2165.14,653,963.38
Hadassa Vieira,Boca do Rio,1572.17,828,787.6
João Felipe Câmara,Stiep,3886.65,562,1238.97
Nicole Cunha,Cabula,2124.38,551,682.94
Enzo Teixeira,Graça,786.98,697,331.86
Maria Sophia Pereira,Canela,1491.0,344,478.57
Ian da Cunha,Pituba,627.26,700,246.95
Sophie Guerra,Centro Histórico,2183.4,412,792.59
Luiz Miguel Farias,Cabula,1516.9,554,543.81
Ísis Brito,Pernambués,1971.64,418,596.61
João Guilherme Nascimento,Nazaré,1311.68,662,613.96
Dr. Pedro Miguel Costela,Pernambués,4034.31,567,1493.9
Rodrigo Macedo,Caminho das Árvores,371.3,633,142.75
Davi Lucca Fernandes,Rio Vermelho,2266.86,520,857.67
Alice Rios,Canela,660.59,585,270.98
Manuela Marques,Piatã,1267.33,633,515.28
Matteo Siqueira,Boca do Rio,1144.16,648,469.57
Sra. Sofia da Rocha,Ondina,1623.57,457,566.87
André Câmara,Centro Histórico,2365.85,675,1061.46
Gustavo Henrique Almeida,Pernambués,1314.77,811,561.34
João Vitor Lopes,Cabula,2625.15,465,765.23
Dr. Arthur Miguel Abreu,Cabula,2052.25,733,915.93
Sra. Lavínia Ramos,Brotas,858.97,406,272.25
Srta. Lorena Duarte,Pernambués,1043.62,666,435.52
Caleb Nunes,Centro Histórico,2233.47,737,861.46
Pedro Henrique Albuquerque,Amaralina,1033.81,596,346.04
Isadora Dias,Imbuí,1656.4,563,695.6
Calebe Novaes,Barra,1051.29,732,509.16
Isis Farias,Caminho das Árvores,3944.3,762,1958.76
Dr. Vitor Hugo da Conceição,Pituba,1354.33,561,597.44
Melissa Novaes,Pernambués,1906.65,457,610.74
Ágatha Nascimento,Amaralina,1224.66,726,551.68
Dra. Maria Flor Costa,Stiep,1499.27,728,603.07
Luan Sales,Piatã,3682.13,674,1365.8
Diogo Pacheco,Amaralina,613.38,897,333.73
Dra. Lunna Vargas,Cabula,5279.28,702,2579.68
Eduardo Pastor,Itapuã,3078.25,725,1148.5
Ana Sophia Jesus,Cabula,5164.0,820,2573.45
Luigi Nascimento,Ondina,681.33,330,254.57
Lívia Oliveira,Amaralina,2282.57,725,1084.12
Valentina Moreira,Caminho das Árvores,2098.61,663,830.88
Ana Laura da Rocha,Centro Histórico,1646.37,554,601.16
Bruna Nogueira,Caminho das Árvores,446.02,549,197.95
Renan da Conceição,Caminho das Árvores,3360.25,529,1060.93
Diego Nogueira,Itapuã,4411.14,540,1853.51
Ágatha Cardoso,Pituba,1724.63,371,496.03
Sra. Maria Laura Mendonça,Brotas,7963.58,635,3620.66
Amanda da Cruz,Costa Azul,1259.45,735,502.38
Srta. Brenda da Mata,Costa Azul,2220.33,670,1025.91
Vitor Gonçalves,Imbuí,2074.05,533,821.82
João Sales,Caminho das Árvores,1683.18,582,753.73
Marina Azevedo,Pituba,1547.65,845,711.82
Sr. Heitor Silveira,Pituba,782.65,627,292.49
Sr. Nicolas Rios,Canela,3291.65,500,1334.21
Valentim Casa Grande,Nazaré,1635.23,490,514.26
Srta. Maria Liz da Mata,Imbuí,1013.19,471,384.33
Raul Mendes,Stiep,1727.88,633,595.36
Sr. Luiz Henrique Nascimento,Itapuã,4728.31,647,1993.35
Heloísa Rezende,Nazaré,2476.01,708,955.56
Luiz Felipe Pimenta,Piatã,5005.97,589,2052.72
Thales Ribeiro,Itapuã,2717.4,724,1002.77
Ágatha Aparecida,Piatã,1179.75,794,556.45
Sr. Brayan Nascimento,Canela,1890.24,742,915.13
Dante Pires,Pernambués,875.36,563,339.58
Larissa Rezende,Imbuí,5523.31,350,1616.2
Maria Clara Souza,Graça,908.7,528,303.86
Raul Porto,Barra,6726.29,580,2462.54
Maria Júlia Cavalcante,Cabula,567.63,706,231.14
Emilly Sá,Boca do Rio,971.04,531,392.19
Dr. Paulo Novaes,Itapuã,3163.06,659,1204.62
